{"accession":"O43663","windows":[{"start":467,"end":481,"q":0.0193256125459515,"idr":false,"ptm_count":2,"signif":true},{"start":468,"end":482,"q":0.0193256125459515,"idr":false,"ptm_count":2,"signif":true},{"start":469,"end":483,"q":0.0179065416756418,"idr":false,"ptm_count":2,"signif":true},{"start":470,"end":484,"q":0.0179065416756418,"idr":false,"ptm_count":2,"signif":true}]}