{"accession":"O95863","windows":[{"start":82,"end":96,"q":0.0988563795609691,"idr":false,"ptm_count":3,"signif":true},{"start":86,"end":100,"q":0.0975935590383642,"idr":false,"ptm_count":2,"signif":true},{"start":87,"end":101,"q":0.0988563795609691,"idr":false,"ptm_count":2,"signif":true}]}