{"accession":"P04075","windows":[{"start":97,"end":111,"q":0.0333658748717274,"idr":false,"ptm_count":2,"signif":true},{"start":98,"end":112,"q":0.0318532139001937,"idr":false,"ptm_count":2,"signif":true},{"start":99,"end":113,"q":0.034965787678265,"idr":false,"ptm_count":2,"signif":true}]}