{"accession":"P07766","windows":[{"start":185,"end":199,"q":0.0211150211150211,"idr":false,"ptm_count":2,"signif":true},{"start":186,"end":200,"q":0.026644934013355,"idr":false,"ptm_count":2,"signif":true},{"start":187,"end":201,"q":0.026644934013355,"idr":false,"ptm_count":2,"signif":true},{"start":188,"end":202,"q":0.026644934013355,"idr":false,"ptm_count":2,"signif":true}]}