{"accession":"P10071","windows":[{"start":863,"end":877,"q":0.0211150211150211,"idr":false,"ptm_count":2,"signif":true},{"start":864,"end":878,"q":0.0211150211150211,"idr":false,"ptm_count":2,"signif":true},{"start":865,"end":879,"q":0.0193256125459515,"idr":false,"ptm_count":2,"signif":true}]}