{"accession":"P18509","windows":[{"start":155,"end":169,"q":0.0301772619369185,"idr":false,"ptm_count":2,"signif":true},{"start":156,"end":170,"q":0.0301772619369185,"idr":false,"ptm_count":2,"signif":true},{"start":157,"end":171,"q":0.034965787678265,"idr":false,"ptm_count":2,"signif":true},{"start":158,"end":172,"q":0.034965787678265,"idr":false,"ptm_count":2,"signif":true}]}