{"accession":"P18669","windows":[{"start":239,"end":253,"q":0.0450243459848582,"idr":false,"ptm_count":2,"signif":true},{"start":240,"end":254,"q":0.0496661092019316,"idr":false,"ptm_count":3,"signif":true}]}