{"accession":"P19174","windows":[{"start":769,"end":783,"q":0.0179065416756418,"idr":false,"ptm_count":2,"signif":true},{"start":770,"end":784,"q":0.0179065416756418,"idr":false,"ptm_count":2,"signif":true},{"start":771,"end":785,"q":0.0179065416756418,"idr":false,"ptm_count":2,"signif":true}]}