{"accession":"P21815","windows":[{"start":300,"end":314,"q":0.0283411406252097,"idr":false,"ptm_count":2,"signif":true},{"start":301,"end":315,"q":0.0301772619369185,"idr":false,"ptm_count":2,"signif":true},{"start":302,"end":316,"q":0.0318532139001937,"idr":false,"ptm_count":2,"signif":true},{"start":303,"end":317,"q":0.0301772619369185,"idr":false,"ptm_count":2,"signif":true}]}