{"accession":"P42684","windows":[{"start":258,"end":272,"q":0.0234768014400735,"idr":false,"ptm_count":2,"signif":true},{"start":259,"end":273,"q":0.0234768014400735,"idr":false,"ptm_count":2,"signif":true},{"start":260,"end":274,"q":0.0234768014400735,"idr":false,"ptm_count":2,"signif":true},{"start":261,"end":275,"q":0.0234768014400735,"idr":false,"ptm_count":2,"signif":true}]}