{"accession":"P47974","windows":[{"start":478,"end":492,"q":0.0179065416756418,"idr":false,"ptm_count":2,"signif":true},{"start":479,"end":493,"q":0.0179065416756418,"idr":false,"ptm_count":2,"signif":true},{"start":480,"end":494,"q":0.0179065416756418,"idr":false,"ptm_count":2,"signif":true}]}