{"accession":"P52735","windows":[{"start":158,"end":172,"q":0.0179065416756418,"idr":false,"ptm_count":2,"signif":true},{"start":159,"end":173,"q":0.0193256125459515,"idr":false,"ptm_count":2,"signif":true}]}