{"accession":"P56945","windows":[{"start":125,"end":139,"q":0.026644934013355,"idr":false,"ptm_count":2,"signif":true},{"start":126,"end":140,"q":0.026644934013355,"idr":false,"ptm_count":2,"signif":true},{"start":127,"end":141,"q":0.026644934013355,"idr":false,"ptm_count":2,"signif":true},{"start":128,"end":142,"q":0.026644934013355,"idr":false,"ptm_count":2,"signif":true}]}