{"accession":"Q03468","windows":[{"start":156,"end":170,"q":0.0179065416756418,"idr":false,"ptm_count":2,"signif":true},{"start":157,"end":171,"q":0.0179065416756418,"idr":false,"ptm_count":2,"signif":true},{"start":158,"end":172,"q":0.0179065416756418,"idr":false,"ptm_count":2,"signif":true}]}