{"accession":"Q07912","windows":[{"start":858,"end":872,"q":0.0234768014400735,"idr":false,"ptm_count":2,"signif":true},{"start":859,"end":873,"q":0.0234768014400735,"idr":false,"ptm_count":2,"signif":true}]}