{"accession":"Q13115","windows":[{"start":377,"end":391,"q":0.0234768014400735,"idr":false,"ptm_count":2,"signif":true},{"start":378,"end":392,"q":0.0252621629867138,"idr":false,"ptm_count":2,"signif":true},{"start":379,"end":393,"q":0.0252621629867138,"idr":false,"ptm_count":2,"signif":true},{"start":380,"end":394,"q":0.026644934013355,"idr":false,"ptm_count":2,"signif":true}]}