{"accession":"Q13563","windows":[{"start":798,"end":812,"q":0.0193256125459515,"idr":false,"ptm_count":2,"signif":true},{"start":799,"end":813,"q":0.0193256125459515,"idr":false,"ptm_count":2,"signif":true},{"start":800,"end":814,"q":0.0193256125459515,"idr":false,"ptm_count":2,"signif":true},{"start":801,"end":815,"q":0.0179065416756418,"idr":false,"ptm_count":2,"signif":true}]}