{"accession":"Q14680","windows":[{"start":159,"end":173,"q":0.0988563795609691,"idr":false,"ptm_count":3,"signif":true},{"start":160,"end":174,"q":0.0975935590383642,"idr":false,"ptm_count":3,"signif":true}]}