{"accession":"Q15303","windows":[{"start":1148,"end":1162,"q":0.0234768014400735,"idr":false,"ptm_count":2,"signif":true},{"start":1149,"end":1163,"q":0.0234768014400735,"idr":false,"ptm_count":2,"signif":true},{"start":1150,"end":1164,"q":0.0211150211150211,"idr":false,"ptm_count":2,"signif":true},{"start":1188,"end":1202,"q":0.0234768014400735,"idr":false,"ptm_count":2,"signif":true}]}