{"accession":"Q587J8","windows":[{"start":142,"end":156,"q":0.0179065416756418,"idr":false,"ptm_count":2,"signif":true},{"start":143,"end":157,"q":0.0193256125459515,"idr":false,"ptm_count":2,"signif":true},{"start":144,"end":158,"q":0.0211150211150211,"idr":false,"ptm_count":2,"signif":true},{"start":145,"end":159,"q":0.0211150211150211,"idr":false,"ptm_count":2,"signif":true}]}