{"accession":"Q6UWZ7","windows":[{"start":392,"end":406,"q":0.0193256125459515,"idr":false,"ptm_count":2,"signif":true},{"start":393,"end":407,"q":0.0193256125459515,"idr":false,"ptm_count":2,"signif":true},{"start":394,"end":408,"q":0.0193256125459515,"idr":false,"ptm_count":2,"signif":true},{"start":395,"end":409,"q":0.0193256125459515,"idr":false,"ptm_count":2,"signif":true}]}