{"accession":"Q96T51","windows":[{"start":386,"end":400,"q":0.0179065416756418,"idr":false,"ptm_count":2,"signif":true},{"start":387,"end":401,"q":0.0179065416756418,"idr":false,"ptm_count":2,"signif":true},{"start":388,"end":402,"q":0.0179065416756418,"idr":false,"ptm_count":2,"signif":true},{"start":389,"end":403,"q":0.0179065416756418,"idr":false,"ptm_count":2,"signif":true}]}