{"accession":"Q99986","windows":[{"start":341,"end":355,"q":0.0211150211150211,"idr":false,"ptm_count":2,"signif":true},{"start":342,"end":356,"q":0.0211150211150211,"idr":false,"ptm_count":2,"signif":true}]}