{"accession":"Q9H0J9","windows":[{"start":597,"end":611,"q":0.0193256125459515,"idr":false,"ptm_count":2,"signif":true},{"start":598,"end":612,"q":0.0193256125459515,"idr":false,"ptm_count":2,"signif":true},{"start":599,"end":613,"q":0.0211150211150211,"idr":false,"ptm_count":2,"signif":true},{"start":600,"end":614,"q":0.0211150211150211,"idr":false,"ptm_count":2,"signif":true}]}