{"accession":"Q9H8Y8","windows":[{"start":435,"end":449,"q":0.0393490586695117,"idr":false,"ptm_count":2,"signif":true},{"start":436,"end":450,"q":0.0393490586695117,"idr":false,"ptm_count":2,"signif":true},{"start":437,"end":451,"q":0.0364683580358555,"idr":false,"ptm_count":3,"signif":true},{"start":438,"end":452,"q":0.0333658748717274,"idr":false,"ptm_count":3,"signif":true}]}