{"accession":"Q9Y608","windows":[{"start":188,"end":202,"q":0.0179065416756418,"idr":false,"ptm_count":2,"signif":true},{"start":189,"end":203,"q":0.0179065416756418,"idr":false,"ptm_count":2,"signif":true},{"start":190,"end":204,"q":0.0179065416756418,"idr":false,"ptm_count":2,"signif":true}]}